state_norm,pc_name_norm,pc_no,pc_margin_pct,pc_margin_volatility,closeness,pc_margin_pct_f,pc_margin_volatility_f,closeness_f,swing_score
assam,kokrajhar,5,0.0026637832717731247,0.057827625567902365,0.9842319905703024,0.0026637832717731247,0.057827625567902365,0.9842319905703024,0.791498153011541
nagaland,nagaland,1,0.00354600445845,0.04385527222655752,0.7985561135554826,0.00354600445845,0.04385527222655752,0.7985561135554826,0.7275867083384462
sikkim,sikkim,1,0.00293853713075203,0.04570964638203146,0.9736387756095205,0.00293853713075203,0.04570964638203146,0.9736387756095205,0.7079953947856829
mizoram,mizoram,1,0.0023888125240836703,0.03683552375198557,0.8714689225182731,0.0023888125240836703,0.03683552375198557,0.8714689225182731,0.6689956343841283
telangana,nizamabad,4,0.00035585130102095953,0.006459894421118907,0.0010769309022909722,0.00035585130102095953,0.006459894421118907,0.0010769309022909722,0.6405762733241032
andhra_pradesh,guntur,13,0.00020249441023317312,0.006459894421118907,0.012493713433172363,0.00020249441023317312,0.006459894421118907,0.012493713433172363,0.6389429844295611
telangana,bhongir,14,0.0002828233078485709,0.006459894421118907,0.029995190072068717,0.0002828233078485709,0.006459894421118907,0.029995190072068717,0.635088968082933
telangana,chevella,10,0.0004714694578377098,0.006459894421118907,0.04004808087614508,0.0004714694578377098,0.006459894421118907,0.04004808087614508,0.6322651745548714
telangana,nalgonda,13,0.0007718359529383152,0.006459894421118907,0.07219955422000299,0.0007718359529383152,0.006459894421118907,0.07219955422000299,0.6245309758239502
odisha,koraput,21,0.0004206259545956231,0.010359374991996772,0.22835281321682238,0.0004206259545956231,0.010359374991996772,0.22835281321682238,0.6218917199675779
west_bengal,jhargram,33,0.0006998471425941229,0.024483720965754442,0.7161086120341642,0.0006998471425941229,0.024483720965754442,0.7161086120341642,0.6213045319162029
uttar_pradesh,muzaffarnagar,3,0.00029788647107082864,0.01731472310392543,0.4869570865632936,0.00029788647107082864,0.01731472310392543,0.4869570865632936,0.6190231643646443
telangana,malkajgiri,7,0.0005134445418805609,0.006459894421118907,0.11957338768338983,0.0005134445418805609,0.006459894421118907,0.11957338768338983,0.6161356764698149
west_bengal,arambagh,29,0.00012635742421274835,0.02511001022567063,0.7797684540700978,0.00012635742421274835,0.02511001022567063,0.7797684540700978,0.6153564043019444
andhra_pradesh,srikakulam,2,0.0007245774537602875,0.006459894421118907,0.15571472860114044,0.0007245774537602875,0.006459894421118907,0.15571472860114044,0.6079832512270156
telangana,zahirabad,5,0.0004543860449394136,0.006459894421118907,0.21191717274040822,0.0004543860449394136,0.006459894421118907,0.21191717274040822,0.5978677753940677
uttar_pradesh,meerut,10,0.00016356235087568765,0.013686523541107647,0.47757341989316693,0.00016356235087568765,0.013686523541107647,0.47757341989316693,0.5961949732542864
karnataka,chamarajanagar,22,9.006899672388366e-05,0.00812364532612525,0.2995598847935218,9.006899672388366e-05,0.00812364532612525,0.2995598847935218,0.5934443052308661
west_bengal,bardhaman durgapur,39,0.0001835269814102836,0.006459894421118907,0.24592147243156315,0.0001835269814102836,0.006459894421118907,0.24592147243156315,0.5922072775685897
uttar_pradesh,machhlishahr,74,1.9983315748015477e-05,0.009718176588852264,0.3781499689825865,1.9983315748015477e-05,0.009718176588852264,0.3781499689825865,0.5890945082947574
jharkhand,khunti,11,0.00011018441137440302,0.008438334551774758,0.35406755923454186,0.00011018441137440302,0.008438334551774758,0.35406755923454186,0.5846190833631445
andhra_pradesh,bapatla,15,0.0008453095482914465,0.006459894421118907,0.2836528974809096,0.0008453095482914465,0.006459894421118907,0.2836528974809096,0.5818067946594305
jammu_&_kashmir,anantnag,3,0.0030612096421470322,0.013421338104604549,0.4977974174237441,0.0030612096421470322,0.013421338104604549,0.4977974174237441,0.577886413516382
tripura,tripura west,1,0.0196993748260271,0.037827611116175164,0.9969608007539288,0.0196993748260271,0.037827611116175164,0.9969608007539288,0.5766373331373881
andhra_pradesh,narsapuram,9,0.0015950818283555273,0.006459894421118907,0.2975877631634988,0.0015950818283555273,0.006459894421118907,0.2975877631634988,0.5758023467244636
andhra_pradesh,kakinada,6,0.0013389085374845508,0.006459894421118907,0.30970582181102513,0.0013389085374845508,0.006459894421118907,0.30970582181102513,0.5744685455919954
uttar_pradesh,baghpat,11,0.0012974164489841966,0.010063436520961975,0.44536652668704485,0.0012974164489841966,0.010063436520961975,0.44536652668704485,0.5725510684093853
andhra_pradesh,vijayawada,12,0.00047888789222170206,0.006459894421118907,0.3392462309329355,0.00047888789222170206,0.006459894421118907,0.3392462309329355,0.5722254272341364
uttar_pradesh,badaun,23,0.0017036403450650123,0.007053540997369964,0.3486874819028779,0.0017036403450650123,0.007053540997369964,0.3486874819028779,0.5692261021481072
meghalaya,tura,2,0.027455046627853058,0.0398678012939708,0.9832703024348736,0.027455046627853058,0.0398678012939708,0.9832703024348736,0.5604008227817561
odisha,dhenkanal,9,0.003370700750011095,0.020096444074997426,0.8127686501381933,0.003370700750011095,0.020096444074997426,0.8127686501381933,0.559909419982426
maharashtra,aurangabad,19,0.00017499701199131764,0.004775440270347862,0.36394966337662005,0.00017499701199131764,0.004775440270347862,0.36394966337662005,0.5568326400885166
west_bengal,maldaha dakshin,8,0.0006797877995731529,0.00887304456014486,0.5024727103758939,0.0006797877995731529,0.00887304456014486,0.5024727103758939,0.5554457099696176
odisha,puri,17,0.0013023741403698024,0.015929761416627785,0.7496445770955275,0.0013023741403698024,0.015929761416627785,0.7496445770955275,0.552385916740628
uttar_pradesh,amethi,37,0.00207727740669426,0.016851573345978463,0.7712702354359898,0.00207727740669426,0.016851573345978463,0.7712702354359898,0.5511555846974252
kerala,alappuzha,15,0.0006546678106239944,0.004997351087757463,0.38997960388823644,0.0006546678106239944,0.004997351087757463,0.38997960388823644,0.5511051393929834
uttar_pradesh,faizabad,54,0.004271243922328962,0.01932903641998484,0.8225048604664467,0.004271243922328962,0.01932903641998484,0.8225048604664467,0.548753516994006
tamil_nadu,chidambaram,27,0.00018450860988391928,0.0042699559784254775,0.38970485532379706,0.00018450860988391928,0.0042699559784254775,0.38970485532379706,0.5481036301946214
uttar_pradesh,chandauli,76,0.0008877813666436521,0.006800423869524403,0.46881525580296707,0.0008877813666436521,0.006800423869524403,0.46881525580296707,0.5468614950213778
uttar_pradesh,kannauj,42,0.000966253867493864,0.004397021476880514,0.38772558709984983,0.000966253867493864,0.004397021476880514,0.38772558709984983,0.5460396236281145
kerala,palakkad,8,0.0011638594401661626,0.006540913332437438,0.46921292644057355,0.0011638594401661626,0.006540913332437438,0.46921292644057355,0.543791348755847
haryana,rohtak,7,0.00011468944699585438,0.016608588878167116,0.8549558460208653,0.00011468944699585438,0.016608588878167116,0.8549558460208653,0.5410794620419971
odisha,bhubaneswar,18,0.0015198371897159587,0.012911311027051996,0.6984410895247334,0.0015198371897159587,0.012911311027051996,0.6984410895247334,0.5406886796816347
uttar_pradesh,ballia,72,0.00126303808146452,0.005273306557407546,0.46887108812005646,0.00126303808146452,0.005273306557407546,0.46887108812005646,0.5346012879612622
uttar_pradesh,sultanpur,38,0.0008670189711933744,0.006792854084363777,0.5305577111383546,0.0008670189711933744,0.006792854084363777,0.5305577111383546,0.5345143865861118
uttar_pradesh,shrawasti,58,0.0004814189790195474,0.0029149781063531814,0.45167441129960656,0.0004814189790195474,0.0029149781063531814,0.45167441129960656,0.5249608790373275
assam,nowgong,10,0.0015226503678046927,0.00623519641610701,0.5464962742260984,0.0015226503678046927,0.00623519641610701,0.5464962742260984,0.524624708914604
andaman_&_nicobar_islands,andaman & nicobar islands,1,0.00044578182344987444,0.006459894421118907,0.5811580379488899,0.00044578182344987444,0.006459894421118907,0.5811580379488899,0.5238486615989244
jammu_&_kashmir,ladakh,4,0.015837071042151624,0.026869209116374748,0.9618529842040775,0.015837071042151624,0.026869209116374748,0.9618529842040775,0.5238424411184063
uttar_pradesh,bijnor,4,0.0046756068489825185,0.011669329225135203,0.674817660034689,0.0046756068489825185,0.011669329225135203,0.674817660034689,0.5232619312703762
uttar_pradesh,firozabad,20,0.0037781590332686857,0.0014950721243604844,0.3517486914985256,0.0037781590332686857,0.0014950721243604844,0.3517486914985256,0.5209940885164437
odisha,mayurbhanj,5,0.00218989897579035,0.006686056182208993,0.5663113325576015,0.00218989897579035,0.006686056182208993,0.5663113325576015,0.5209362606510437
west_bengal,baharampur,10,0.005124131628984425,0.01944802324208928,0.9693544871830434,0.005124131628984425,0.01944802324208928,0.9693544871830434,0.5164791362755333
odisha,bhadrak,7,0.002814313852739921,0.012088128644740473,0.7689719215283559,0.002814313852739921,0.012088128644740473,0.7689719215283559,0.5152645893434322
maharashtra,raigad,32,0.0018232849885944503,0.014349257736070003,0.8767495655098722,0.0018232849885944503,0.014349257736070003,0.8767495655098722,0.5136488153900622
lakshadweep,lakshadweep,1,0.002486751041479373,0.005712672886774618,0.564024809311912,0.002486751041479373,0.005712672886774618,0.564024809311912,0.5133404961222298
andhra_pradesh,rajahmundry,8,0.007992029595636283,0.020988902909723994,0.9869621216058827,0.007992029595636283,0.020988902909723994,0.9869621216058827,0.5114092887575964
meghalaya,shillong,1,0.027771393668249298,0.03257089106542686,0.9698540519442245,0.027771393668249298,0.03257089106542686,0.9698540519442245,0.5108846333523326
andhra_pradesh,vizianagaram,3,0.0025454907413764534,0.006459894421118907,0.6030250004081589,0.0025454907413764534,0.006459894421118907,0.6030250004081589,0.5104745069943987
west_bengal,bolpur,41,0.009167215577789217,0.01921681372483825,0.906458475505518,0.009167215577789217,0.01921681372483825,0.906458475505518,0.5101747333495786
odisha,kalahandi,11,0.0024602258881712903,0.00856256157611376,0.6802423486853264,0.0024602258881712903,0.00856256157611376,0.6802423486853264,0.5100062496436705
punjab,bathinda,11,0.0006391065470267016,0.002394705610207118,0.5048370655957221,0.0006391065470267016,0.002394705610207118,0.5048370655957221,0.5099975807855384
maharashtra,palghar,22,0.005673751416708794,0.018043711618206233,0.953483763658769,0.005673751416708794,0.018043711618206233,0.953483763658769,0.5075226298780353
bihar,jahanabad,36,9.398795345471739e-05,0.00250368945655882,0.5431301385934771,9.398795345471739e-05,0.00250368945655882,0.5431301385934771,0.5054104856319929
punjab,jalandhar,4,0.000958300309661376,0.000902800738904663,0.4698742731579612,0.000958300309661376,0.000902800738904663,0.4698742731579612,0.5052461971501921
maharashtra,chandrapur,13,0.0025949163214458817,0.009116505497596815,0.7390936077292983,0.0025949163214458817,0.009116505497596815,0.7390936077292983,0.5014867783087887
uttar_pradesh,bhadohi,78,0.003231761667941142,0.008364693434694329,0.7008562116713503,0.003231761667941142,0.008364693434694329,0.7008562116713503,0.5011901191709812
madhya_pradesh,guna,4,0.007598933237691343,0.018679877010580975,0.9747170102560543,0.007598933237691343,0.018679877010580975,0.9747170102560543,0.4994561814859109
telangana,secundrabad,8,0.002329872285157115,0.006459894421118907,0.6626070727618897,0.002329872285157115,0.006459894421118907,0.6626070727618897,0.4994475872769503
odisha,jajpur,8,0.010673173818475924,0.01756662889665268,0.8731217121461254,0.010673173818475924,0.01756662889665268,0.8731217121461254,0.49891384822639173
maharashtra,satara,45,0.011396516596650018,0.01896658460080382,0.9115022542133681,0.011396516596650018,0.01896658460080382,0.9115022542133681,0.4978760553463814
arunachal_pradesh,arunachal east,2,0.040179150138705245,0.03888054261316172,0.9911133714808875,0.040179150138705245,0.03888054261316172,0.9911133714808875,0.49747802392381835
uttar_pradesh,mainpuri,21,0.007480074631510279,0.014016592211663839,0.8264470518960209,0.007480074631510279,0.014016592211663839,0.8264470518960209,0.4972036017606446
dadra_&_nagar_haveli,dadra and nagar haveli,1,0.0037765489506095262,0.006459894421118907,0.6438559107867022,0.0037765489506095262,0.006459894421118907,0.6438559107867022,0.49701542137578925
uttar_pradesh,kairana,2,0.005737989388533656,0.01368924093775393,0.8776267472576357,0.005737989388533656,0.01368924093775393,0.8776267472576357,0.4921150636975812
bihar,kishanganj,10,0.0020887243098868806,0.013739955082173565,0.9597278744224427,0.0020887243098868806,0.013739955082173565,0.9597278744224427,0.491623885389911
andhra_pradesh,amalapuram,7,0.0028517410185896572,0.006459894421118907,0.6915963964730172,0.0028517410185896572,0.006459894421118907,0.6915963964730172,0.4913993885679308
tripura,tripura east,2,0.017739409362916802,0.02347058406673621,0.9687243816645627,0.017739409362916802,0.02347058406673621,0.9687243816645627,0.490635446625618
uttar_pradesh,etawah,41,0.004446933690668118,0.011669459196755027,0.8442911474627152,0.004446933690668118,0.011669459196755027,0.8442911474627152,0.490251682551462
gujarat,vadodara,20,0.034475156539174615,0.034453700685910985,0.9978324036808004,0.034475156539174615,0.034453700685910985,0.9978324036808004,0.48969713120060937
odisha,bolangir,10,0.0015382845749779533,0.008209988470429398,0.7899992900228685,0.0015382845749779533,0.008209988470429398,0.7899992900228685,0.4894826463173257
manipur,inner manipur,1,0.0018586670872135632,0.013160206550555012,0.9613528395407429,0.0018586670872135632,0.013160206550555012,0.9613528395407429,0.4882424943708911
odisha,balasore,6,0.0007460283286866484,0.009551637379095536,0.8613517055913102,0.0007460283286866484,0.009551637379095536,0.8613517055913102,0.4879135737208905
andhra_pradesh,machilipatnam,11,0.003592834280215297,0.006459894421118907,0.6935304512333849,0.003592834280215297,0.006459894421118907,0.6935304512333849,0.48783900897697463
west_bengal,cooch behar,1,0.0028663866437947704,0.009184322552049137,0.8047419789540884,0.0028663866437947704,0.009184322552049137,0.8047419789540884,0.4876306728038645
uttar_pradesh,robertsganj,80,0.004236190747988672,0.00799651703790227,0.7397088753753774,0.004236190747988672,0.00799651703790227,0.7397088753753774,0.4865321010098386
west_bengal,barrackpore,15,0.000772061924581454,0.0115841940860537,0.9464227915482494,0.000772061924581454,0.0115841940860537,0.9464227915482494,0.48490509637320345
chhattisgarh,bastar,10,0.005468831561306629,0.009945465294226954,0.7990364759346489,0.005468831561306629,0.009945465294226954,0.7990364759346489,0.4829388748828931
chhattisgarh,korba,4,0.0016809410198694768,0.0014559216597440305,0.5867252208751199,0.0016809410198694768,0.0014559216597440305,0.5867252208751199,0.48257151165626
chandigarh,chandigarh,1,0.002775530003301607,0.004742112764658873,0.6787241884536475,0.002775530003301607,0.004742112764658873,0.6787241884536475,0.48233595688597264
odisha,bargarh,1,0.006998392020372343,0.011249716083292454,0.8178246960397353,0.006998392020372343,0.011249716083292454,0.8178246960397353,0.4817123300024483
jammu_&_kashmir,baramulla,1,0.006611915459775322,0.00762486700133935,0.7006624942823192,0.006611915459775322,0.00762486700133935,0.7006624942823192,0.48160326023309435
goa,south goa,2,0.003396952858427589,0.0021983907659306,0.5901408868003337,0.003396952858427589,0.0021983907659306,0.5901408868003337,0.4797148619664461
madhya_pradesh,vidisha,18,0.02874704164409229,0.029432706462131045,0.9956388154254314,0.02874704164409229,0.029432706462131045,0.9956388154254314,0.47966634028371546
chhattisgarh,kanker,11,0.0004656100600175437,0.0017272592219078082,0.6369415493095085,0.0004656100600175437,0.0017272592219078082,0.6369415493095085,0.47959356512731566
odisha,cuttack,14,0.00962682972652295,0.015932991735711527,0.9400471042564674,0.00962682972652295,0.015932991735711527,0.9400471042564674,0.4785853604292192
uttar_pradesh,salempur,71,0.007660423384300909,0.015012333666436442,0.9566080938094038,0.007660423384300909,0.015012333666436442,0.9566080938094038,0.47726551612361556
west_bengal,jangipur,9,0.01575766716094258,0.020997493305522044,0.9934662489987977,0.01575766716094258,0.020997493305522044,0.9934662489987977,0.47692144226714767
jharkhand,lohardaga,12,0.0007748261371734697,0.004705660056575725,0.749087214498478,0.0007748261371734697,0.004705660056575725,0.749087214498478,0.47653435163126934
maharashtra,beed,39,0.003340130733325499,0.0020326753130597867,0.6015548275531473,0.003340130733325499,0.0020326753130597867,0.6015548275531473,0.4765140113124123
tamil_nadu,theni,33,0.0021453653063489902,0.010940261760581788,0.9453768023512761,0.0021453653063489902,0.010940261760581788,0.9453768023512761,0.47474841300804943
rajasthan,jaipur,7,0.011816393678121227,0.0181393279564382,0.9930503217436809,0.011816393678121227,0.0181393279564382,0.9930503217436809,0.4739579202645318
gujarat,kachchh,1,0.027090541046973064,0.027561155526009025,0.9961078704717323,0.027090541046973064,0.027561155526009025,0.9961078704717323,0.47362043938772397
maharashtra,madha,43,0.002187467994568575,0.011559210894296547,0.9836427963656389,0.002187467994568575,0.011559210894296547,0.9836427963656389,0.47120695543904206
telangana,karimnagar,3,0.004846219663020328,0.006459894421118907,0.749810351365782,0.004846219663020328,0.006459894421118907,0.749810351365782,0.47118585376405686
odisha,sambalpur,3,0.0005440030777537155,0.0011469447196324875,0.6570875455550932,0.0005440030777537155,0.0011469447196324875,0.6570875455550932,0.4711731844596274
rajasthan,nagaur,14,0.010679623594703074,0.01598004895741632,0.9604627975691191,0.010679623594703074,0.01598004895741632,0.9604627975691191,0.4703118676079626
andhra_pradesh,visakhapatnam,4,0.00015544414040471707,0.009750502834977942,0.9688812809622943,0.00015544414040471707,0.009750502834977942,0.9688812809622943,0.47026124029361926
karnataka,tumkur,19,0.0006235763510770599,0.002468502126015425,0.7103387792009042,0.0006235763510770599,0.002468502126015425,0.7103387792009042,0.4693623769751986
telangana,peddapalle,2,0.005448491089196084,0.006459894421118907,0.7533934892743833,0.005448491089196084,0.006459894421118907,0.7533934892743833,0.46788899966383735
telangana,adilabad,1,0.004565126376547072,0.006459894421118907,0.7854350373113897,0.004565126376547072,0.006459894421118907,0.7854350373113897,0.4652441776639351
chhattisgarh,raigarh,2,0.0032791753875486963,0.011473593735827391,0.9887528048961008,0.0032791753875486963,0.011473593735827391,0.9887528048961008,0.4649120120544215
assam,karimganj,1,0.00235697010287302,0.009255885364514922,0.9324705273050741,0.00235697010287302,0.009255885364514922,0.9324705273050741,0.4646925327544718
west_bengal,birbhum,42,0.006199265715492049,0.010488696763543005,0.9000385061471229,0.006199265715492049,0.010488696763543005,0.9000385061471229,0.4633406084976186
maharashtra,baramati,35,0.006278721706478409,0.01035137632466261,0.8954269513680827,0.006278721706478409,0.01035137632466261,0.8954269513680827,0.46296838088143033
uttar_pradesh,saharanpur,1,0.0015817475849292534,0.0026545506166945924,0.7298479145129237,0.0015817475849292534,0.0026545506166945924,0.7298479145129237,0.46264440908643917
west_bengal,dum dum,16,0.00341660256447553,0.010273033049189716,0.95734416230979,0.00341660256447553,0.010273033049189716,0.95734416230979,0.46225630850859906
telangana,khammam,17,0.006134681687419022,0.006459894421118907,0.7709023878691482,0.006134681687419022,0.006459894421118907,0.7709023878691482,0.46143991519493954
maharashtra,shirur,36,0.0018906355547461564,0.008732015774541744,0.9473170806172467,0.0018906355547461564,0.008732015774541744,0.9473170806172467,0.4600602677960246
madhya_pradesh,morena,1,0.0037337403055714307,0.011028119197350186,0.9922313015754008,0.0037337403055714307,0.011028119197350186,0.9922313015754008,0.45916390009368746
odisha,nabarangpur,12,0.007439355615336023,0.008193844949677079,0.8218146094150282,0.007439355615336023,0.008193844949677079,0.8218146094150282,0.4577278032542372
madhya_pradesh,bhopal,19,0.008348366983599045,0.013772419603844913,0.9967526410824561,0.008348366983599045,0.013772419603844913,0.9967526410824561,0.457627997466578
maharashtra,mumbai north east,28,0.008897747549993732,0.013814200831314762,0.9873901376758045,0.008897747549993732,0.013814200831314762,0.9873901376758045,0.45744514880313814
tamil_nadu,pollachi,21,0.010726797967985249,0.01381223973638012,0.9584970853368892,0.010726797967985249,0.01381223973638012,0.9584970853368892,0.4553965309955406
madhya_pradesh,chhindwara,16,0.0020171025215118907,0.003287484438446888,0.7795057180438068,0.0020171025215118907,0.003287484438446888,0.7795057180438068,0.4552322011923631
karnataka,hassan,16,0.015931167867158477,0.013555705536295695,0.845559526676524,0.015931167867158477,0.013555705536295695,0.845559526676524,0.45398086041066904
maharashtra,nagpur,10,0.005865149789814776,0.004180446330861775,0.7347475666540303,0.005865149789814776,0.004180446330861775,0.7347475666540303,0.45395937807193615
uttar_pradesh,ambedkar nagar,55,0.007361896493379821,0.00466836695197443,0.7351577270612897,0.007361896493379821,0.00466836695197443,0.7351577270612897,0.4508701840370246
west_bengal,medinipur,34,0.00620571622705986,0.007927448858564792,0.8754024189003609,0.00620571622705986,0.007927448858564792,0.8754024189003609,0.4504045282750585
uttar_pradesh,rae bareli,36,0.010981125715858858,0.011954959761875425,0.9140693170023187,0.010981125715858858,0.011954959761875425,0.9140693170023187,0.4502748185774604
west_bengal,hooghly,28,0.004984582278689741,0.007645700160062993,0.8971373518064228,0.004984582278689741,0.007645700160062993,0.8971373518064228,0.44930922538535917
maharashtra,gadchiroli-chimur,12,0.011332696770351406,0.011983152014705765,0.9135625450243225,0.011332696770351406,0.011983152014705765,0.9135625450243225,0.4490679229545672
telangana,mahbubnagar,11,0.006107618393938728,0.006459894421118907,0.8372500571241074,0.006107618393938728,0.006459894421118907,0.8372500571241074,0.44824890000702367
karnataka,bangalore north,24,0.002934783447130348,0.008731965293012012,0.9921870111397162,0.002934783447130348,0.008731965293012012,0.9921870111397162,0.4465908813386618
odisha,keonjhar,4,0.006421483442018139,0.00692830243975495,0.8598456164317522,0.006421483442018139,0.00692830243975495,0.8598456164317522,0.44563785046116644
uttar_pradesh,basti,61,0.0025084573936449976,0.0032153702220645234,0.8172258964492574,0.0025084573936449976,0.0032153702220645234,0.8172258964492574,0.4450609728257243
west_bengal,balurghat,6,0.0019189997346839751,0.006697308118431,0.9515239228437482,0.0019189997346839751,0.006697308118431,0.9515239228437482,0.4449150655918737
uttar_pradesh,bulandshahr,14,0.025637270417241127,0.02208512382019584,0.9803687528999602,0.025637270417241127,0.02208512382019584,0.9803687528999602,0.4448353816557259
andhra_pradesh,kurnool,18,0.007465267005193746,0.006459894421118907,0.8264097171563961,0.007465267005193746,0.006459894421118907,0.8264097171563961,0.44461123053438145
maharashtra,nanded,16,0.0023831328279376313,0.001689989130285264,0.7707513606578795,0.0023831328279376313,0.001689989130285264,0.7707513606578795,0.4442880160885369
kerala,kasaragod,1,0.003798409514087122,0.005639780734403606,0.8801881355588714,0.003798409514087122,0.005639780734403606,0.8801881355588714,0.4438069704035541
punjab,hoshiarpur,5,0.005317895683147934,0.0026407615522965238,0.7481025947519424,0.005317895683147934,0.0026407615522965238,0.7481025947519424,0.44289335927945767
andhra_pradesh,anantapur,19,0.007009723653395784,0.006459894421118907,0.8447556513276899,0.007009723653395784,0.006459894421118907,0.8447556513276899,0.4428818154285634
andhra_pradesh,narasaraopet,14,0.007553208233504136,0.006459894421118907,0.8342459605966537,0.007553208233504136,0.006459894421118907,0.8342459605966537,0.4426631125551615
manipur,outer manipur,2,0.009867456073587542,0.0111741557396124,0.9506948473302516,0.009867456073587542,0.0111741557396124,0.9506948473302516,0.4422550252209676
uttar_pradesh,sant kabir nagar,62,0.004155802286186164,0.00131048994553831,0.7310519501611917,0.004155802286186164,0.00131048994553831,0.7310519501611917,0.4420170129816533
karnataka,shimoga,14,0.013359027169594136,0.013987696217576413,0.9768787397673052,0.013359027169594136,0.013987696217576413,0.9768787397673052,0.4416645510372782
jharkhand,dumka,2,0.0029059741797568825,0.006025436405349443,0.9257569750450936,0.0029059741797568825,0.006025436405349443,0.9257569750450936,0.441175573913875
west_bengal,howrah,25,0.004259312781909332,0.007550552476218463,0.9507869868159706,0.004259312781909332,0.007550552476218463,0.9507869868159706,0.4409907592073064
uttar_pradesh,ghazipur,75,0.007331399806647331,0.0049311618522713575,0.7974218148230631,0.007331399806647331,0.0049311618522713575,0.7974218148230631,0.4403443199630873
karnataka,mandya,20,0.003951696951884656,0.007319891580473404,0.9546720365546479,0.003951696951884656,0.007319891580473404,0.9546720365546479,0.43992091367659913
andhra_pradesh,anakapalli,5,0.006476257274996164,0.006459894421118907,0.8710730593044971,0.006476257274996164,0.006459894421118907,0.8710730593044971,0.4398871937360385
maharashtra,amravati,7,0.0013501100052762712,0.004243943493515229,0.9046632645213539,0.0013501100052762712,0.004243943493515229,0.9046632645213539,0.4396511758608817
karnataka,bangalore central,25,0.0025465264028249287,0.002898203069953703,0.8351346979354628,0.0025465264028249287,0.002898203069953703,0.8351346979354628,0.4390958049649296
uttar_pradesh,etah,22,0.008165063725151233,0.008049813282422793,0.8972013532422368,0.008165063725151233,0.008049813282422793,0.8972013532422368,0.4384976460366672
punjab,sangrur,12,0.0038254533711070773,0.005473651252046674,0.9003999403913455,0.0038254533711070773,0.005473651252046674,0.9003999403913455,0.4384796964873887
uttar_pradesh,amroha,9,0.005012621113941417,0.003258714133798243,0.7987242300815343,0.005012621113941417,0.003258714133798243,0.7987242300815343,0.4383539322628307
uttar_pradesh,banda,48,0.006285617567598374,0.004628219836542764,0.8200376094606868,0.006285617567598374,0.004628219836542764,0.8200376094606868,0.43817400353076014
rajasthan,jalore,18,0.011988361249530607,0.012661252703319076,0.978568786603103,0.011988361249530607,0.012661252703319076,0.978568786603103,0.43794905885177904
maharashtra,parbhani,17,0.0018573992202669857,0.003166717224555956,0.8654716098522484,0.0018573992202669857,0.003166717224555956,0.8654716098522484,0.4378326724094629
kerala,pathanamthitta,17,0.004847006873030323,0.004437979164428796,0.8485012130992432,0.004847006873030323,0.004437979164428796,0.8485012130992432,0.4372978840820707
tamil_nadu,salem,15,0.00502133200716036,0.00530317093320872,0.881458446642217,0.00502133200716036,0.00530317093320872,0.881458446642217,0.43597123170503893
rajasthan,banswara,20,0.035341027406948784,0.025143310945335576,0.9260559381279735,0.035341027406948784,0.025143310945335576,0.9260559381279735,0.43550131246479523
punjab,ludhiana,7,0.003183116276577011,0.0030481366892865596,0.846521854527221,0.003183116276577011,0.0030481366892865596,0.846521854527221,0.43513174468355054
west_bengal,kanthi,31,0.009901266045366626,0.009410058669711986,0.924717655856068,0.009901266045366626,0.009410058669711986,0.924717655856068,0.435026209478079
assam,kaliabor,11,0.018513249549297974,0.014525855311661196,0.9190814219202175,0.018513249549297974,0.014525855311661196,0.9190814219202175,0.4349427595126116
andhra_pradesh,nandyal,17,0.009171226132193974,0.006459894421118907,0.8398419639805742,0.009171226132193974,0.006459894421118907,0.8398419639805742,0.434614333831996
andhra_pradesh,nellore,22,0.008267023925213439,0.006459894421118907,0.860952474874458,0.008267023925213439,0.006459894421118907,0.860952474874458,0.4342510715926826
uttar_pradesh,bareilly,25,0.009169306022677046,0.010314421593547639,0.97873642219445,0.009169306022677046,0.010314421593547639,0.97873642219445,0.4336280217549423
himachal_pradesh,mandi,2,0.02377307708883925,0.019809357563826853,0.9973809110501225,0.02377307708883925,0.019809357563826853,0.9973809110501225,0.4335436348362368
west_bengal,raiganj,5,0.0031743437294622823,0.006374777299278746,0.9719325309325789,0.0031743437294622823,0.006374777299278746,0.9719325309325789,0.43320022552566284
assam,jorhat,12,0.008585655940762325,0.007720347501489931,0.9033311483347833,0.008585655940762325,0.007720347501489931,0.9033311483347833,0.43317168778234016
karnataka,chitradurga,18,0.003179355368111115,0.005770068182985725,0.9511799124040236,0.003179355368111115,0.005770068182985725,0.9511799124040236,0.4331267054411458
west_bengal,bishnupur,37,0.005384410852609299,0.006072024821773422,0.9192918688698525,0.005384410852609299,0.006072024821773422,0.9192918688698525,0.4321871921286414
punjab,amritsar,2,0.0037656838852919735,0.006643306175759674,0.9834076622426797,0.0037656838852919735,0.006643306175759674,0.9834076622426797,0.4302387263881575
punjab,faridkot,9,0.004083234185117896,0.004104192493004678,0.8887668009292458,0.004083234185117896,0.004104192493004678,0.8887668009292458,0.4301654887930747
uttar_pradesh,phulpur,51,0.011705869835489695,0.009829904362751506,0.9292849188192422,0.011705869835489695,0.009829904362751506,0.9292849188192422,0.42931095787608703
tamil_nadu,madurai,32,0.004841430689923028,0.004982813457421253,0.9075952623245986,0.004841430689923028,0.004982813457421253,0.9075952623245986,0.4292666872447469
karnataka,raichur,6,0.017354303754452755,0.011342170370411124,0.8616568701334576,0.017354303754452755,0.011342170370411124,0.8616568701334576,0.42923384915336943
assam,silchar,2,0.006048281620306235,0.004072383194112902,0.8520164632222775,0.006048281620306235,0.004072383194112902,0.8520164632222775,0.4289025572547745
andhra_pradesh,hindupur,20,0.010410952916057137,0.006459894421118907,0.844237515604386,0.010410952916057137,0.006459894421118907,0.844237515604386,0.4284257138033541
tamil_nadu,tenkasi,37,0.004248825033785175,0.006850795797558079,0.9923642080675215,0.004248825033785175,0.006850795797558079,0.9923642080675215,0.4278201535103314
andhra_pradesh,chittoor,25,0.011538336190100817,0.006459894421118907,0.8246761239981595,0.011538336190100817,0.006459894421118907,0.8246761239981595,0.4275228844755425
uttar_pradesh,dhaurahra,29,0.016772460595602157,0.013641510672199809,0.9636504194542442,0.016772460595602157,0.013641510672199809,0.9636504194542442,0.42729279918765756
tamil_nadu,cuddalore,26,0.006256087461123172,0.00692991998975712,0.954929952025775,0.006256087461123172,0.00692991998975712,0.954929952025775,0.4272867806869999
uttar_pradesh,hardoi,31,0.010484650884852896,0.007371571798186805,0.8810311290009718,0.010484650884852896,0.007371571798186805,0.8810311290009718,0.4270843546246736
karnataka,chikkodi,1,0.007998342056097892,0.008298714405602313,0.9684548319563996,0.007998342056097892,0.008298714405602313,0.9684548319563996,0.42665517194999897
telangana,mahabubabad,16,0.009942466628813087,0.006459894421118907,0.8633739579950993,0.009942466628813087,0.006459894421118907,0.8633739579950993,0.4265931584935095
bihar,nalanda,29,0.006872659655255929,0.008356031636385788,0.9966614258375497,0.006872659655255929,0.008356031636385788,0.9966614258375497,0.4262162634954924
rajasthan,dausa,11,0.006153347964520476,0.005677631327296613,0.9201681896787175,0.006153347964520476,0.005677631327296613,0.9201681896787175,0.4259711995840338
kerala,thiruvananthapuram,20,0.005542188813669832,0.006231691032237179,0.9588888678755816,0.005542188813669832,0.006231691032237179,0.9588888678755816,0.42468282016265285
rajasthan,barmer,17,0.028496249138715925,0.019120091862873695,0.9183803664978016,0.028496249138715925,0.019120091862873695,0.9183803664978016,0.4243656406477089
karnataka,bellary,9,0.00371209803263726,0.004216147011985232,0.9340343473904428,0.00371209803263726,0.004216147011985232,0.9340343473904428,0.42345549125238585
gujarat,surat,24,0.03665041510410659,0.026295008345709362,0.9982152873080754,0.03665041510410659,0.026295008345709362,0.9982152873080754,0.4234498704752256
tamil_nadu,coimbatore,20,0.009468622923831636,0.008421336772948103,0.9576923292007473,0.009468622923831636,0.008421336772948103,0.9576923292007473,0.4233742991642074
bihar,karakat,35,0.0034707229504379786,0.0054861250752426495,0.9844575393179996,0.0034707229504379786,0.0054861250752426495,0.9844575393179996,0.4232263421007637
kerala,vadakara,3,0.00618988152617227,0.0069225712583075765,0.9768268964027442,0.00618988152617227,0.0069225712583075765,0.9768268964027442,0.42312727147904594
tamil_nadu,chennai south,3,0.005668455862062827,0.002308019832361542,0.8282760135285505,0.005668455862062827,0.002308019832361542,0.8282760135285505,0.4229939751860514
madhya_pradesh,khargone,27,0.017725679121138177,0.013938451292146395,0.9784368911985768,0.017725679121138177,0.013938451292146395,0.9784368911985768,0.42231603945047164
kerala,wayanad,4,0.018833404002889697,0.015142776867454282,0.9974461958148665,0.018833404002889697,0.015142776867454282,0.9974461958148665,0.42215456470153273
karnataka,koppal,8,0.0021006250122785303,0.002170440366714612,0.9047570206722932,0.0021006250122785303,0.002170440366714612,0.9047570206722932,0.4219691451543146
tamil_nadu,tiruppur,18,0.006274885791921392,0.00043125826306313064,0.755812785582427,0.006274885791921392,0.00043125826306313064,0.755812785582427,0.42185207859295465
uttar_pradesh,mohanlalganj,34,0.005463701667465149,0.005148355867365069,0.9385913037148582,0.005463701667465149,0.005148355867365069,0.9385913037148582,0.4215398914154014
punjab,gurdaspur,1,0.004401810178630875,0.004908058766292081,0.9548665326908693,0.004401810178630875,0.004908058766292081,0.9548665326908693,0.42114679420015416
jharkhand,singhbhum,10,0.008239914397595848,0.003965457862201777,0.8419148202708687,0.008239914397595848,0.003965457862201777,0.8419148202708687,0.420801432525885
uttar_pradesh,aligarh,15,0.013085877240786716,0.010896895810628573,0.9809024055535851,0.013085877240786716,0.010896895810628573,0.9809024055535851,0.4204868150101596
andhra_pradesh,ongole,16,0.011500342434993488,0.006459894421118907,0.8644398537696991,0.011500342434993488,0.006459894421118907,0.8644398537696991,0.41971040735120024
karnataka,gulbarga,5,0.0061076784885344786,0.004392610081726898,0.9085631901748743,0.0061076784885344786,0.004392610081726898,0.9085631901748743,0.41953881343379035
andhra_pradesh,eluru,10,0.011228102844292272,0.006459894421118907,0.8713559498340152,0.011228102844292272,0.006459894421118907,0.8713559498340152,0.41948870270370714
chhattisgarh,rajnandgaon,6,0.005700592412701917,0.006330662238333374,0.9852789967925609,0.005700592412701917,0.006330662238333374,0.9852789967925609,0.4194015870797686
uttar_pradesh,aonla,24,0.007188815156312322,0.0059207586077260725,0.9413599703796024,0.007188815156312322,0.0059207586077260725,0.9413599703796024,0.418982653157303
uttar_pradesh,rampur,7,0.00867698396752946,0.004050104340689418,0.8449333271608828,0.00867698396752946,0.004050104340689418,0.8449333271608828,0.41891492857100004
tamil_nadu,mayiladuthurai,28,0.008443883923220414,0.008274841426022275,0.9967148207579899,0.008443883923220414,0.008274841426022275,0.9967148207579899,0.41891361877149186
maharashtra,hingoli,15,0.008273982597833131,0.00816218420234512,0.9966632942355739,0.008273982597833131,0.00816218420234512,0.9966632942355739,0.4188661511183111
karnataka,belgaum,2,0.005565043220164907,0.006249586360630302,0.9898113058479643,0.005565043220164907,0.006249586360630302,0.9898113058479643,0.41850781096235046
gujarat,junagadh,13,0.011476913047084307,0.009710715149463332,0.9839705676503802,0.011476913047084307,0.009710715149463332,0.9839705676503802,0.41849253756741583
uttar_pradesh,sambhal,8,0.011389304650479283,0.00625709473421071,0.8661690592881401,0.011389304650479283,0.00625709473421071,0.8661690592881401,0.4184255973240443
madhya_pradesh,bhind,2,0.010792031247855723,0.009574690127713354,0.9947392772718417,0.010792031247855723,0.009574690127713354,0.9947392772718417,0.41831661615720617
tamil_nadu,ramanathapuram,35,0.004958617780140053,0.0016858735184288368,0.8456974377435124,0.004958617780140053,0.0016858735184288368,0.8456974377435124,0.4182027812439761
kerala,attingal,19,0.0019600043232078203,0.002939062204714935,0.9535607382695719,0.0019600043232078203,0.002939062204714935,0.9535607382695719,0.41813949889064217
rajasthan,jodhpur,16,0.01839407797227548,0.012671047246461946,0.9414415048397125,0.01839407797227548,0.012671047246461946,0.9414415048397125,0.4180420019971084
gujarat,porbandar,11,0.013434990928813418,0.011193257631582253,0.996427895646083,0.013434990928813418,0.011193257631582253,0.996427895646083,0.4179438608115301
chhattisgarh,mahasamund,9,0.00525249697832829,0.004799318352776569,0.9505335222708727,0.00525249697832829,0.004799318352776569,0.9505335222708727,0.4176163840338197
west_bengal,srerampur,27,0.0058901804374440194,0.005003066178667418,0.9440373689016891,0.0058901804374440194,0.005003066178667418,0.9440373689016891,0.4176094029733131
uttar_pradesh,jaunpur,73,0.003702654224530669,0.0014658540853132733,0.869162736621136,0.003702654224530669,0.0014658540853132733,0.869162736621136,0.4173397267694056
tamil_nadu,erode,17,0.009263061596564096,0.008072024354887908,0.9803306089551875,0.009263061596564096,0.008072024354887908,0.9803306089551875,0.41727948682075494
gujarat,surendranagar,9,0.008047309518532131,0.007745749719201351,0.9962319397875632,0.008047309518532131,0.007745749719201351,0.9962319397875632,0.4170208432589837
bihar,katihar,11,0.005097473286160369,0.0021832969110443436,0.8659342741901302,0.005097473286160369,0.0021832969110443436,0.8659342741901302,0.4170161968697659
rajasthan,karauli-dholpur,10,0.016082055118841348,0.0078124130632048015,0.8301170275713454,0.016082055118841348,0.0078124130632048015,0.8301170275713454,0.41640665280035005
goa,north goa,1,0.02660300592217317,0.017552084827475344,0.9462796201875192,0.02660300592217317,0.017552084827475344,0.9462796201875192,0.41594713774767084
kerala,chalakudy,11,0.00956013718797587,0.007942292765062683,0.9761624415884851,0.00956013718797587,0.007942292765062683,0.9761624415884851,0.41593963111504195
maharashtra,mumbai   south,31,0.008859812022034457,0.006459894421118907,0.9397128065354241,0.008859812022034457,0.006459894421118907,0.9397128065354241,0.41591707247725473
west_bengal,barasat,17,0.006113122918910742,0.0044823200727201595,0.9309368292361203,0.006113122918910742,0.0044823200727201595,0.9309368292361203,0.41565338557584325
tamil_nadu,thiruvallur,1,0.012039872374685739,0.00982508080982265,0.9918613983104387,0.012039872374685739,0.00982508080982265,0.9918613983104387,0.4152970323116547
madhya_pradesh,indore,26,0.01599920097082513,0.012365803087298477,0.9956804620674136,0.01599920097082513,0.012365803087298477,0.9956804620674136,0.41528843466922927
maharashtra,shirdi,38,0.005557951786528748,0.005640108454147652,0.9851883450153007,0.005557951786528748,0.005640108454147652,0.9851883450153007,0.4152178599711056
delhi,north east delhi,2,0.009985117067637097,0.008415478828551008,0.9873977068068787,0.009985117067637097,0.008415478828551008,0.9873977068068787,0.4151646698564781
uttar_pradesh,kaushambi,50,0.0030876936318085003,0.003526844122225299,0.9678174198241788,0.0030876936318085003,0.003526844122225299,0.9678174198241788,0.4145490157257431
west_bengal,diamond harbour,21,0.02070512402070861,0.014226593230872352,0.9641723889952862,0.02070512402070861,0.014226593230872352,0.9641723889952862,0.4144306103487288
bihar,arrah,32,0.011016675070531886,0.001991163254388765,0.7472294215093951,0.011016675070531886,0.001991163254388765,0.7472294215093951,0.414145982713383
punjab,patiala,13,0.00532264912186105,0.005487991806244238,0.9934220158135367,0.00532264912186105,0.005487991806244238,0.9934220158135367,0.4135136655451382
karnataka,chikkballapur,27,0.008171027941568255,0.004993371171613415,0.9182987962211601,0.008171027941568255,0.004993371171613415,0.9182987962211601,0.4129401578952094
odisha,kendrapara,15,0.015695439935928635,0.006974715439715902,0.8268437286358168,0.015695439935928635,0.006974715439715902,0.8268437286358168,0.4128801975244025
uttar_pradesh,moradabad,6,0.005530894540474361,0.0021789530137907996,0.8772568899257215,0.005530894540474361,0.0021789530137907996,0.8772568899257215,0.41285963488899946
kerala,kannur,2,0.006502850871961257,0.005470259000575589,0.9719875950682944,0.006502850871961257,0.005470259000575589,0.9719875950682944,0.41263680870482694
west_bengal,kolkata dakshin,23,0.00919978665785966,0.005718076550245503,0.9230851094323782,0.00919978665785966,0.005718076550245503,0.9230851094323782,0.41262681146499064
punjab,anandpur sahib,6,0.0016276042673672047,0.002319398735694086,0.9687114068936706,0.0016276042673672047,0.002319398735694086,0.9687114068936706,0.41220529605315875
haryana,ambala,1,0.01365526022054712,0.01029531882372357,0.9912233396429466,0.01365526022054712,0.01029531882372357,0.9912233396429466,0.41178696005657245
gujarat,ahmedabad east,7,0.014454512892260797,0.010948648688371167,0.9977726369238719,0.014454512892260797,0.010948648688371167,0.9977726369238719,0.4116050749965291
uttar_pradesh,hathras,16,0.024980879081496633,0.015774121188601657,0.9412195202933625,0.024980879081496633,0.015774121188601657,0.9412195202933625,0.4115152491276519
maharashtra,hatkanangle,48,0.004257195596695667,0.003681584614978582,0.9644298707093395,0.004257195596695667,0.003681584614978582,0.9644298707093395,0.4113004138377889
maharashtra,yavatmal-washim,14,0.004020831178732574,0.0008052812964697436,0.8716363783673312,0.004020831178732574,0.0008052812964697436,0.8716363783673312,0.41087796497443374
haryana,sonipat,6,0.00482774147161,0.004542546672377105,0.9850030835580545,0.00482774147161,0.004542546672377105,0.9850030835580545,0.410731910762283
tamil_nadu,viluppuram,13,0.007995863354773293,0.004549057844810782,0.9187122248203773,0.007995863354773293,0.004549057844810782,0.9187122248203773,0.4105106299785477
west_bengal,krishnanagar,12,0.0040036797320661425,0.0021294649155547065,0.9250142912016946,0.0040036797320661425,0.0021294649155547065,0.9250142912016946,0.40947411292618274
punjab,firozpur,10,0.007383631759588807,0.005611190261018253,0.9795391018013454,0.007383631759588807,0.005611190261018253,0.9795391018013454,0.4083339629293774
west_bengal,jalpaiguri,3,0.009360900118195752,0.006731119402191017,0.9774831365421942,0.009360900118195752,0.006731119402191017,0.9774831365421942,0.40808687855452974
tamil_nadu,krishnagiri,9,0.00842162631834879,0.004694296159805727,0.9268159897808572,0.00842162631834879,0.004694296159805727,0.9268159897808572,0.4080748838423685
west_bengal,ghatal,32,0.009155455401587515,0.004402888272043389,0.9021596806333115,0.009155455401587515,0.004402888272043389,0.9021596806333115,0.4078477906338125
bihar,supaul,8,0.011436612055620202,0.008428023524614608,0.9964581651985547,0.011436612055620202,0.008428023524614608,0.9964581651985547,0.4072213288236577
assam,barpeta,6,0.0069902945857162726,0.00435580043144017,0.9513092640871917,0.0069902945857162726,0.00435580043144017,0.9513092640871917,0.4069307028546733
uttar_pradesh,ghosi,70,0.006774094046610859,0.0015180852567093996,0.8583842579721364,0.006774094046610859,0.0015180852567093996,0.8583842579721364,0.40671723693571415
west_bengal,alipurduars,2,0.02197671714253528,0.013027435803363286,0.9352475860614671,0.02197671714253528,0.013027435803363286,0.9352475860614671,0.40643137034911714
andhra_pradesh,tirupati,23,0.013406874480033094,0.006459894421118907,0.8920225215278216,0.013406874480033094,0.006459894421118907,0.8920225215278216,0.40601684915048347
bihar,buxar,33,0.0073360231808718025,0.005011655912345538,0.97564396236108,0.0073360231808718025,0.005011655912345538,0.97564396236108,0.4051407818306463
tamil_nadu,dharmapuri,10,0.0034694583320616576,0.0024167608859983793,0.9687342538143263,0.0034694583320616576,0.0024167608859983793,0.9687342538143263,0.40499460912636603
karnataka,haveri,10,0.010015503456470577,0.005286939232859356,0.929009345262784,0.010015503456470577,0.005286939232859356,0.929009345262784,0.4049420696994773
bihar,araria,9,0.00900654903313363,0.005604820555394554,0.9617951625309518,0.00900654903313363,0.005604820555394554,0.9617951625309518,0.40490094194644854
west_bengal,darjeeling,4,0.01908606172356851,0.012802116975244325,0.9973548679046043,0.01908606172356851,0.012802116975244325,0.9973548679046043,0.4047790505528233
maharashtra,osmanabad,40,0.0070785290533392255,0.003793978365282994,0.944130230560484,0.0070785290533392255,0.003793978365282994,0.944130230560484,0.4040774499991223
chhattisgarh,janjgir-champa,3,0.004145028479943362,0.0031882016027953287,0.9857631930694618,0.004145028479943362,0.0031882016027953287,0.9857631930694618,0.4040634844884083
maharashtra,ramtek,9,0.006220076834763328,0.003304502556873721,0.9457109039923282,0.006220076834763328,0.003304502556873721,0.9457109039923282,0.40402410060394095
west_bengal,asansol,40,0.014485634795326106,0.008951588301255899,0.965922819730767,0.014485634795326106,0.008951588301255899,0.965922819730767,0.40394205556961377
karnataka,kolar,28,0.011125747622849196,0.005014441211913473,0.9032976754023976,0.011125747622849196,0.005014441211913473,0.9032976754023976,0.4034470650018042
assam,dhubri,4,0.008396337904786357,0.0058797817895104975,0.9922099770617495,0.008396337904786357,0.0058797817895104975,0.9922099770617495,0.4033292905299808
chhattisgarh,bilaspur,5,0.00449424021273219,0.0032776411393193503,0.9879170446648629,0.00449424021273219,0.0032776411393193503,0.9879170446648629,0.40275990416730356
uttar_pradesh,barabanki,53,0.006801937621339466,0.004127610970592261,0.969212708822474,0.006801937621339466,0.004127610970592261,0.969212708822474,0.4025559890440204
rajasthan,tonk-sawai madhopur,12,0.010002084653199173,0.004989376756056341,0.9324330206959468,0.010002084653199173,0.004989376756056341,0.9324330206959468,0.4022391141042927
maharashtra,bhandara - gondiya,11,0.010676238574681387,0.006529187504938236,0.9716183427506051,0.010676238574681387,0.006529187504938236,0.9716183427506051,0.40222514188014724
jharkhand,giridih,6,0.014077548949433265,0.008977902329666275,0.9842765799861891,0.014077548949433265,0.008977902329666275,0.9842765799861891,0.4021912988465135
madhya_pradesh,betul,29,0.02649567294225184,0.016819922566811786,0.9941638563487292,0.02649567294225184,0.016819922566811786,0.9941638563487292,0.4017003190672659
bihar,madhepura,13,0.018768560488505014,0.012114888530808027,0.9961322526071239,0.018768560488505014,0.012114888530808027,0.9961322526071239,0.4015940729293586
kerala,mavelikkara,16,0.005797960041967803,0.003526444093964102,0.9755057739325237,0.005797960041967803,0.003526444093964102,0.9755057739325237,0.4014020919878918
gujarat,dahod,19,0.015090625313242918,0.008052854889435884,0.934653341704253,0.015090625313242918,0.008052854889435884,0.934653341704253,0.401360349494832
bihar,jhanjharpur,7,0.016910727779812756,0.010948470861084915,0.9970290325944637,0.016910727779812756,0.010948470861084915,0.9970290325944637,0.40123838279481694
jammu_&_kashmir,jammu,6,0.007944176074871676,0.00512244629710649,0.9868644746681539,0.007944176074871676,0.00512244629710649,0.9868644746681539,0.4010590851011736
arunachal_pradesh,arunachal west,1,0.06070939751193614,0.035976184569284586,0.9337857229965103,0.06070939751193614,0.035976184569284586,0.9337857229965103,0.4008489894035384
maharashtra,mumbai north central,29,0.006849319052870385,0.0034867650837068324,0.9608682497152914,0.006849319052870385,0.0034867650837068324,0.9608682497152914,0.3995606377302434
bihar,pataliputra,31,0.001350557565527165,0.0004939739302370113,0.9743072621374637,0.001350557565527165,0.0004939739302370113,0.9743072621374637,0.39954742534735593
delhi,east delhi,3,0.011509006447373767,0.007403637201494856,0.9977309340973086,0.011509006447373767,0.007403637201494856,0.9977309340973086,0.399517119667379
haryana,hisar,4,0.009818738830737809,0.004797919861964661,0.9442365801580204,0.009818738830737809,0.004797919861964661,0.9442365801580204,0.3993223503097978
madhya_pradesh,sagar,5,0.026767295495924652,0.01669730425274646,0.9964056294548008,0.026767295495924652,0.01669730425274646,0.9964056294548008,0.39923340101170035
bihar,aurangabad,37,0.007425774415972008,0.003232993045331759,0.9453044305450995,0.007425774415972008,0.003232993045331759,0.9453044305450995,0.3984459046446359
west_bengal,bardhaman purba,38,0.00780837061085054,0.0010018629172454767,0.8600125048091367,0.00780837061085054,0.0010018629172454767,0.8600125048091367,0.3983655327415066
madhya_pradesh,gwalior,3,0.006413586304242114,0.0031713342549078835,0.9665445369643266,0.006413586304242114,0.0031713342549078835,0.9665445369643266,0.39808921246989326
kerala,ponnani,7,0.014624861295417733,0.009016425898476772,0.995277988234312,0.014624861295417733,0.009016425898476772,0.995277988234312,0.3979103597408074
madhya_pradesh,hoshangabad,17,0.03642373545645443,0.02241950023172974,0.9973861324494085,0.03642373545645443,0.02241950023172974,0.9973861324494085,0.3975778062953522
maharashtra,kalyan,24,0.013320378343186466,0.008241857945542011,0.9980583467369761,0.013320378343186466,0.008241857945542011,0.9980583467369761,0.39753894104209225
haryana,kurukshetra,2,0.012476671375570078,0.007698327133843125,0.9974887232637683,0.012476671375570078,0.007698327133843125,0.9974887232637683,0.3974770256163412
west_bengal,maldaha uttar,7,0.0036238893595653123,0.0018354937930522624,0.9841237581477418,0.0036238893595653123,0.0018354937930522624,0.9841237581477418,0.39719606029780385
uttar_pradesh,sitapur,30,0.007292507751422643,0.0027761735715201804,0.9406844840249327,0.007292507751422643,0.0027761735715201804,0.9406844840249327,0.39675937059781874
tamil_nadu,tiruchirappalli,24,0.017460678324722232,0.008582912605478575,0.9270096097355388,0.017460678324722232,0.008582912605478575,0.9270096097355388,0.3964416633546619
west_bengal,kolkata uttar,24,0.00608881688145222,0.0025610348879749425,0.9615084169754791,0.00608881688145222,0.0025610348879749425,0.9615084169754791,0.3962363204659102
tamil_nadu,virudhunagar,34,0.004842608742318073,0.0023183701044242147,0.9800772208456858,0.004842608742318073,0.0023183701044242147,0.9800772208456858,0.39615574187256514
bihar,gaya (sc),38,0.011349872279909072,0.006459894421118907,0.9880936260668772,0.011349872279909072,0.006459894421118907,0.9880936260668772,0.39555420658102264
puducherry,puducherry,1,0.013107211370550154,0.006594862806681727,0.956413346197129,0.013107211370550154,0.006594862806681727,0.956413346197129,0.39532585812185195
kerala,kozhikode,5,0.005335657729004457,0.0026290552983534235,0.9850114049422093,0.005335657729004457,0.0026290552983534235,0.9850114049422093,0.39522066958179153
bihar,banka,27,0.009584547616173576,0.005540046590045113,0.9971932306931796,0.009584547616173576,0.005540046590045113,0.9971932306931796,0.39487569173663184
west_bengal,tamluk,30,0.010164505627538104,0.004914354880277253,0.963130334385036,0.010164505627538104,0.004914354880277253,0.963130334385036,0.3948642506813832
karnataka,mysore,21,0.004511678108790826,0.0019164495563612598,0.9796453536936905,0.004511678108790826,0.0019164495563612598,0.9796453536936905,0.39485799255472975
madhya_pradesh,damoh,7,0.018968434651552856,0.011275830810187945,0.9971061872334558,0.018968434651552856,0.011275830810187945,0.9971061872334558,0.3946956522094864
west_bengal,bankura,36,0.007864802904602244,0.0035669910091948205,0.9665040714374583,0.007864802904602244,0.0035669910091948205,0.9665040714374583,0.39464230849802107
karnataka,davanagere,13,0.005441034789525471,0.002680994373074989,0.990613627633764,0.005441034789525471,0.002680994373074989,0.990613627633764,0.39400794102140596
uttar_pradesh,jalaun,45,0.023258988938716092,0.011182583398313684,0.9061082001276477,0.023258988938716092,0.011182583398313684,0.9061082001276477,0.39392955295254817
maharashtra,sangli,44,0.010545003200389123,0.00560026368455367,0.9836388302235938,0.010545003200389123,0.00560026368455367,0.9836388302235938,0.3939023278197641
bihar,siwan,18,0.005946539788688298,0.0029291676214673163,0.9898113271450677,0.005946539788688298,0.0029291676214673163,0.9898113271450677,0.39373442087531624
karnataka,bidar,7,0.004547658316545366,0.001332722404370566,0.9643294630444702,0.004547658316545366,0.001332722404370566,0.9643294630444702,0.3937077220543916
kerala,idukki,13,0.020706427813040076,0.011467181546109737,0.9716997085820076,0.020706427813040076,0.011467181546109737,0.9716997085820076,0.3936847627081144
assam,tezpur,9,0.025390804452368007,0.014274789017477158,0.969602919271817,0.025390804452368007,0.014274789017477158,0.969602919271817,0.3936188156221533
west_bengal,bangaon,14,0.007110758239657052,0.0026102421907476217,0.9575176876428445,0.007110758239657052,0.0026102421907476217,0.9575176876428445,0.3930049036596464
tamil_nadu,namakkal,16,0.00775382264350217,0.004027910893023348,0.9932928265811303,0.00775382264350217,0.004027910893023348,0.9932928265811303,0.3929567573831401
maharashtra,kolhapur,47,0.012677935775248075,0.006831151278165847,0.9857341803675842,0.012677935775248075,0.006831151278165847,0.9857341803675842,0.3929295538488405
madhya_pradesh,mandla,14,0.005824163966491467,0.002560337203618595,0.9838001911937645,0.005824163966491467,0.002560337203618595,0.9838001911937645,0.3928934888655429
bihar,sasaram (sc),34,0.012232729838926008,0.006459894421118907,0.9834718828277663,0.012232729838926008,0.006459894421118907,0.9834718828277663,0.39270180938011573
madhya_pradesh,dhar,25,0.014463016137261694,0.007641285000611602,0.9783181747505767,0.014463016137261694,0.007641285000611602,0.9783181747505767,0.3924212244685311
maharashtra,ahmadnagar,37,0.01164509755391579,0.006238947380008166,0.9915326620797792,0.01164509755391579,0.006238947380008166,0.9915326620797792,0.39206086246983934
maharashtra,pune,34,0.009793887789410963,0.00521198851599673,0.9954588894625922,0.009793887789410963,0.00521198851599673,0.9954588894625922,0.3920411264726721
uttar_pradesh,nagina,5,0.020856673509252403,0.007210965197812107,0.8308365379129636,0.020856673509252403,0.007210965197812107,0.8308365379129636,0.3916315663747588
west_bengal,purulia,35,0.009393242851501433,0.004408417599207353,0.9787733202666158,0.009393242851501433,0.004408417599207353,0.9787733202666158,0.3915025629602403
maharashtra,nandurbar,1,0.006213919607675902,0.002647217547387266,0.9860435099248062,0.006213919607675902,0.002647217547387266,0.9860435099248062,0.3913805687318498
maharashtra,akola,6,0.02049247233269645,0.011719570710757238,0.9973360992718461,0.02049247233269645,0.011719570710757238,0.9973360992718461,0.39121788268074736
uttar_pradesh,hamirpur,47,0.015215932551756342,0.008390313272629103,0.9950540205328446,0.015215932551756342,0.008390313272629103,0.9950540205328446,0.39106158451657247
west_bengal,mathurapur,20,0.01457586056010376,0.006200503879847645,0.9338236175049677,0.01457586056010376,0.006200503879847645,0.9338236175049677,0.39082118555318174
bihar,saran,20,0.011188127314760944,0.005362792638220957,0.9774834529729003,0.011188127314760944,0.005362792638220957,0.9774834529729003,0.39072881878562987
madhya_pradesh,rewa,10,0.012804074588759125,0.006924340450102416,0.9980893136895707,0.012804074588759125,0.006924340450102416,0.9980893136895707,0.39056104143583276
maharashtra,dindori,20,0.01932293499540674,0.010484724078891759,0.983155633024075,0.01932293499540674,0.010484724078891759,0.983155633024075,0.39046277624393655
kerala,ernakulam,12,0.01253659619616996,0.00544625320426914,0.953412695340024,0.01253659619616996,0.00544625320426914,0.953412695340024,0.3903656179055862
west_bengal,murshidabad,11,0.01298815711570544,0.006953321868295865,0.9961873662854414,0.01298815711570544,0.006953321868295865,0.9961873662854414,0.3903564524939678
madhya_pradesh,satna,9,0.00942014422933845,0.004554847805430041,0.9918657444134522,0.00942014422933845,0.004554847805430041,0.9918657444134522,0.3897820353738129
bihar,bhagalpur,26,0.026605717164569425,0.014899639621397932,0.9851118841897875,0.026605717164569425,0.014899639621397932,0.9851118841897875,0.3896621189163917
uttar_pradesh,gonda,59,0.011257040352033867,0.005056841892344742,0.9707262349204256,0.011257040352033867,0.005056841892344742,0.9707262349204256,0.38965686512884984
karnataka,dharwad,11,0.00840293163753038,0.003529750900371488,0.9797456651674153,0.00840293163753038,0.003529750900371488,0.9797456651674153,0.3894233817503703
jharkhand,rajmahal,1,0.00631154462335966,0.00192442825513027,0.9691228803236933,0.00631154462335966,0.00192442825513027,0.9691228803236933,0.38931912375049077
kerala,thrissur,10,0.010002710709609947,0.0036519921222172057,0.9504541764063582,0.010002710709609947,0.0036519921222172057,0.9504541764063582,0.3893017189266685
uttar_pradesh,misrikh,32,0.006999709146796692,0.002022004339107179,0.958063378279971,0.006999709146796692,0.002022004339107179,0.958063378279971,0.389271360746348
chhattisgarh,durg,7,0.012780630153652715,0.006260921349714165,0.9822270394957626,0.012780630153652715,0.006260921349714165,0.9822270394957626,0.38921936103750604
assam,mangaldoi,8,0.007596895869335278,0.0030822304706928285,0.9828294978555044,0.007596895869335278,0.0030822304706928285,0.9828294978555044,0.38913656022211335
bihar,purnia,12,0.013423934531914523,0.006942935926181958,0.9932310408755096,0.013423934531914523,0.006942935926181958,0.9932310408755096,0.38901151978718884
uttar_pradesh,agra,18,0.018420349466251408,0.008723568415766032,0.9488425830011902,0.018420349466251408,0.008723568415766032,0.9488425830011902,0.38893485409803813
delhi,north west delhi,5,0.03287787306510529,0.018002216180506243,0.9653694126755419,0.03287787306510529,0.018002216180506243,0.9653694126755419,0.38839391815321134
bihar,khagaria,25,0.012223057062412494,0.0062233257467792635,0.9972415503381199,0.012223057062412494,0.0062233257467792635,0.9972415503381199,0.3883328684125684
tamil_nadu,sivaganga,31,0.011328876489392858,0.005572404000597467,0.9957020430338582,0.011328876489392858,0.005572404000597467,0.9957020430338582,0.3879331272405202
kerala,alathur,9,0.022330410825447698,0.00976893777814312,0.9078917908799148,0.022330410825447698,0.00976893777814312,0.9078917908799148,0.3876950862690772
tamil_nadu,tirunelveli,38,0.006511119217771809,0.002553484342987996,0.9955578528469913,0.006511119217771809,0.002553484342987996,0.9955578528469913,0.38754685655240007
jharkhand,godda,3,0.011096408497013559,0.004361280228982114,0.9611236278487983,0.011096408497013559,0.004361280228982114,0.9611236278487983,0.3874229982394615
karnataka,bangalore rural,23,0.007992982279662157,0.002009337216282719,0.9463903921691131,0.007992982279662157,0.002009337216282719,0.9463903921691131,0.38727223344649736
maharashtra,buldhana,5,0.009098378887721048,0.00344782296547534,0.9728394434538999,0.009098378887721048,0.00344782296547534,0.9728394434538999,0.38726047137161
telangana,nagarkurnool,12,0.015983046323333146,0.006459894421118907,0.931108851086998,0.015983046323333146,0.006459894421118907,0.931108851086998,0.38714948386821363
madhya_pradesh,rajgarh,20,0.02848731380061364,0.015956307235244438,0.9959191269602105,0.02848731380061364,0.015956307235244438,0.9959191269602105,0.3868038325394864
uttar_pradesh,kheri,28,0.012025799967083348,0.005496140253038347,0.9839328331509822,0.012025799967083348,0.005496140253038347,0.9839328331509822,0.3867787056607316
uttar_pradesh,pratapgarh,39,0.014357394597280753,0.006168758055754974,0.9578706993505058,0.014357394597280753,0.006168758055754974,0.9578706993505058,0.38671221004728046
uttar_pradesh,kanpur,43,0.012329849500488913,0.005140692458607583,0.9658063946589655,0.012329849500488913,0.005140692458607583,0.9658063946589655,0.3866354696675989
uttar_pradesh,domariyaganj,60,0.00971220249781636,0.001953851534767408,0.9112647313188308,0.00971220249781636,0.001953851534767408,0.9112647313188308,0.3865707895709469
punjab,khadoor sahib,3,0.006741069884186209,0.0022336086611185984,0.9852163866004484,0.006741069884186209,0.0022336086611185984,0.9852163866004484,0.38640735370008766
uttar_pradesh,lalganj,68,0.010514276516661415,0.0033406225673072143,0.9436677059075527,0.010514276516661415,0.0033406225673072143,0.9436677059075527,0.38630295515885266
maharashtra,mumbai north west,27,0.012546655732020325,0.006052208314962445,0.9951249571941205,0.012546655732020325,0.006052208314962445,0.9951249571941205,0.38617958180681655
tamil_nadu,sriperumbudur,5,0.018033243109569847,0.008530799563270339,0.9664751057429554,0.018033243109569847,0.008530799563270339,0.9664751057429554,0.3857121348903864
karnataka,bagalkot,3,0.009217859415235069,0.003398431760383956,0.977180158129741,0.009217859415235069,0.003398431760383956,0.977180158129741,0.3855342009458439
odisha,jagatsinghpur,16,0.022238386442724672,0.011597090923464646,0.9844433876712568,0.022238386442724672,0.011597090923464646,0.9844433876712568,0.3854761794169034
tamil_nadu,karur,23,0.008833886822299911,0.003642750328747074,0.995045075265348,0.008833886822299911,0.003642750328747074,0.995045075265348,0.38529755519029696
punjab,fatehgarh sahib,8,0.004537987952088407,0.0008488349549463747,0.990486357684351,0.004537987952088407,0.0008488349549463747,0.990486357684351,0.3851307701109901
maharashtra,dhule,2,0.007268912994274077,0.0026826933139913775,0.9960140548357939,0.007268912994274077,0.0026826933139913775,0.9960140548357939,0.3851118552962293
uttar_pradesh,azamgarh,69,0.015803362849632623,0.0066090788622346665,0.9509010308648492,0.015803362849632623,0.0066090788622346665,0.9509010308648492,0.3849887804032871
maharashtra,jalna,18,0.01307728830591449,0.00625958426912302,0.9970431847762495,0.01307728830591449,0.00625958426912302,0.9970431847762495,0.38496853909173395
gujarat,anand,16,0.016244234355361445,0.007288786470873452,0.9670725551797056,0.016244234355361445,0.007288786470873452,0.9670725551797056,0.38459502623326836
delhi,south delhi,7,0.010781021485872823,0.004814105369197896,0.9977782995274909,0.010781021485872823,0.004814105369197896,0.9977782995274909,0.3845773259857258
gujarat,bardoli,23,0.012364359953131145,0.0055679257955724825,0.9902308600122547,0.012364359953131145,0.0055679257955724825,0.9902308600122547,0.38456652431898736
gujarat,jamnagar,12,0.008040927594587511,0.003010287186297719,0.9971122691054487,0.008040927594587511,0.003010287186297719,0.9971122691054487,0.38386977433673247
assam,gauhati,7,0.010862927381970783,0.004577132659379842,0.991435196443055,0.010862927381970783,0.004577132659379842,0.991435196443055,0.38384740993624444
bihar,valmiki nagar,1,0.024550293736688062,0.013143003984716163,0.9977718588242018,0.024550293736688062,0.013143003984716163,0.9977718588242018,0.38367974169437313
chhattisgarh,raipur,8,0.009598083298408644,0.003580462671180077,0.985024713523477,0.009598083298408644,0.003580462671180077,0.985024713523477,0.3836017974105042
bihar,munger,28,0.008060747550243885,0.002164313305567066,0.970115856087358,0.008060747550243885,0.002164313305567066,0.970115856087358,0.38330374098914344
madhya_pradesh,ratlam,24,0.00642840019893306,0.0013171725110987737,0.9763258594346604,0.00642840019893306,0.0013171725110987737,0.9763258594346604,0.3831422229383955
uttar_pradesh,mirzapur,79,0.020914269721755772,0.009959834006748509,0.9678688097131909,0.020914269721755772,0.009959834006748509,0.9678688097131909,0.3830585373176578
maharashtra,thane,25,0.014655864744928764,0.0062382409312932725,0.973111310153469,0.014655864744928764,0.0062382409312932725,0.973111310153469,0.38286204943138946
gujarat,ahmedabad west,8,0.023095539122464075,0.012062816528514755,0.9962862933122016,0.023095539122464075,0.012062816528514755,0.9962862933122016,0.38267730543974476
gujarat,sabarkantha,5,0.0105496602333135,0.004278722803005173,0.9936419669788086,0.0105496602333135,0.004278722803005173,0.9936419669788086,0.38266620877732277
tamil_nadu,chennai central,4,0.011991438776214216,0.005256190507663089,0.9978573832256692,0.011991438776214216,0.005256190507663089,0.9978573832256692,0.38246082450593344
gujarat,patan,3,0.013213662565262435,0.005693729042818716,0.9880554730345509,0.013213662565262435,0.005693729042818716,0.9880554730345509,0.38224385484790463
uttar_pradesh,gautam buddha nagar,13,0.01720586353139037,0.007865668649847207,0.9793854603213215,0.01720586353139037,0.007865668649847207,0.9793854603213215,0.3820293030265054
karnataka,bangalore south,26,0.010684678389340382,0.0043108156637880765,0.9963755217097514,0.010684678389340382,0.0043108156637880765,0.9963755217097514,0.38176363019442194
jharkhand,ranchi,8,0.010885402667401997,0.0035445794396532916,0.9655068587790613,0.010885402667401997,0.0035445794396532916,0.9655068587790613,0.3817555067960376
tamil_nadu,kancheepuram,6,0.019180128695617367,0.00918536601987938,0.9862971246931225,0.019180128695617367,0.00918536601987938,0.9862971246931225,0.3813887039025138
madhya_pradesh,balaghat,15,0.007323982388179449,0.002169664756250119,0.9968131996998374,0.007323982388179449,0.002169664756250119,0.9968131996998374,0.38114049678764816
bihar,maharajganj,19,0.019671975485374516,0.00965667972153058,0.9943439121238348,0.019671975485374516,0.00965667972153058,0.9943439121238348,0.3809539391136518
haryana,sirsa,3,0.01075328132525526,0.00416685622514511,0.9948050486435034,0.01075328132525526,0.00416685622514511,0.9948050486435034,0.38078166714765366
tamil_nadu,chennai north,2,0.02011494554474497,0.00955830319738913,0.9824187723609081,0.02011494554474497,0.00955830319738913,0.9824187723609081,0.38076381213332877
uttar_pradesh,bansgaon,67,0.031706290981738,0.013143115886021323,0.8603596398519426,0.031706290981738,0.013143115886021323,0.8603596398519426,0.3806068147587053
andhra_pradesh,aruku,1,0.01886364190179264,0.006459894421118907,0.9034236588837509,0.01886364190179264,0.006459894421118907,0.9034236588837509,0.3803708150937304
tamil_nadu,kanniyakumari,39,0.015587399592375015,0.005844220659094851,0.952045773482647,0.015587399592375015,0.005844220659094851,0.952045773482647,0.38035332599182536
maharashtra,latur,41,0.02227205310341571,0.01086448239584734,0.9850952375758391,0.02227205310341571,0.01086448239584734,0.9850952375758391,0.38009571299104045
jammu_&_kashmir,srinagar,2,0.02886435493883814,0.013152567204572493,0.9241425987423003,0.02886435493883814,0.013152567204572493,0.9241425987423003,0.38004599063293454
bihar,vaishali,16,0.009489696440427032,0.0032561766348756377,0.9962905857963572,0.009489696440427032,0.0032561766348756377,0.9962905857963572,0.3795462912318348
andhra_pradesh,kadapa,21,0.019361375167261375,0.006459894421118907,0.8972847028386596,0.019361375167261375,0.006459894421118907,0.8972847028386596,0.37947135858766406
kerala,kollam,18,0.015580346368622098,0.0066822302829680335,0.9866765715950371,0.015580346368622098,0.0066822302829680335,0.9866765715950371,0.3792780308820014
uttar_pradesh,varanasi,77,0.016745558189004386,0.007516572410307516,0.9912516926944643,0.016745558189004386,0.007516572410307516,0.9912516926944643,0.37918697924713013
haryana,bhiwani-mahendragarh,8,0.01724692397060199,0.0075128765391877204,0.9819140134460953,0.01724692397060199,0.0075128765391877204,0.9819140134460953,0.37888776037504157
delhi,new delhi,4,0.009937525958312505,0.002463457900325369,0.9642470618865133,0.009937525958312505,0.002463457900325369,0.9642470618865133,0.378531431459991
bihar,ujiarpur,22,0.015049975227016723,0.006506153135334198,0.9974131093267011,0.015049975227016723,0.006506153135334198,0.9974131093267011,0.3781680044427262
chhattisgarh,sarguja,1,0.011200220845619127,0.0035253353026412602,0.976548606022327,0.011200220845619127,0.0035253353026412602,0.976548606022327,0.3780591529414321
maharashtra,mumbai north,26,0.024748171103022926,0.012190555977258185,0.9897082258523021,0.024748171103022926,0.012190555977258185,0.9897082258523021,0.37781224166506
karnataka,bijapur,4,0.017796814006345012,0.007348286111939461,0.9712540575537587,0.017796814006345012,0.007348286111939461,0.9712540575537587,0.3775247303308039
bihar,nawada,39,0.011242637440177412,0.003162877729613017,0.968285970071478,0.011242637440177412,0.003162877729613017,0.968285970071478,0.3770087555181952
odisha,sundargarh,2,0.022447304639070485,0.010702245067501724,0.9913905995820531,0.022447304639070485,0.010702245067501724,0.9913905995820531,0.37695223414684026
bihar,darbhanga,14,0.030896881277618055,0.0158449337761828,0.9900897520162242,0.030896881277618055,0.0158449337761828,0.9900897520162242,0.37688191351373235
uttar_pradesh,lucknow,35,0.01947785882034143,0.008885662709561641,0.9925891294299486,0.01947785882034143,0.008885662709561641,0.9925891294299486,0.37676357896134527
maharashtra,nashik,21,0.013700971842992453,0.0054529129485479414,0.9978980756593928,0.013700971842992453,0.0054529129485479414,0.9978980756593928,0.37650544967435823
delhi,chandni chowk,1,0.00859790183954238,0.0021363913184777395,0.9919577654405769,0.00859790183954238,0.0021363913184777395,0.9919577654405769,0.3764290218386781
uttar_pradesh,farrukhabad,40,0.0220133890059008,0.009615019364995262,0.9656097991582343,0.0220133890059008,0.009615019364995262,0.9656097991582343,0.3764034468704445
jharkhand,kodarma,5,0.025092075010717946,0.01202871794829688,0.9866492919679785,0.025092075010717946,0.01202871794829688,0.9866492919679785,0.3758256994978539
gujarat,banaskantha,2,0.022255485564782993,0.010595530720878368,0.9975802762748611,0.022255485564782993,0.010595530720878368,0.9975802762748611,0.37578825603585353
maharashtra,bhiwandi,23,0.009683307521318596,0.0026290726710199437,0.9897435497468687,0.009683307521318596,0.0026290726710199437,0.9897435497468687,0.37566023095673573
karnataka,dakshina kannada,17,0.014536945581761258,0.005469803118911354,0.9858105968235285,0.014536945581761258,0.005469803118911354,0.9858105968235285,0.3754688103700085
haryana,gurgaon,9,0.010614622342410842,0.0029724027861273163,0.9829687418735257,0.010614622342410842,0.0029724027861273163,0.9829687418735257,0.375424917616886
odisha,berhampur,20,0.01078770397819025,0.0018988921000234783,0.943000764948579,0.01078770397819025,0.0018988921000234783,0.943000764948579,0.37521868920835655
bihar,muzaffarpur,15,0.01684064615357706,0.00681908897352788,0.9889407263312038,0.01684064615357706,0.00681908897352788,0.9889407263312038,0.3743825999059122
uttar_pradesh,bahraich,56,0.011828358311860349,0.0029920174479287943,0.9634568486384717,0.011828358311860349,0.0029920174479287943,0.9634568486384717,0.37427919736587006
uttarakhand,hardwar,5,0.012586121862484815,0.003043567242639558,0.9506052939529073,0.012586121862484815,0.003043567242639558,0.9506052939529073,0.37397215200056944
kerala,kottayam,14,0.014707470043041954,0.005127749925975306,0.9780350252927811,0.014707470043041954,0.005127749925975306,0.9780350252927811,0.3739145201995881
uttar_pradesh,akbarpur,44,0.017861429843273394,0.0074523788890757305,0.993525255396074,0.017861429843273394,0.0074523788890757305,0.993525255396074,0.37350678155932826
bihar,sitamarhi,5,0.011523173570106623,0.0035361183444826798,0.9942394604699057,0.011523173570106623,0.0035361183444826798,0.9942394604699057,0.3732036755778948
gujarat,mahesana,4,0.02003290907024913,0.008702001203331278,0.992193701052156,0.02003290907024913,0.008702001203331278,0.992193701052156,0.3731868696908099
maharashtra,mumbai south central,30,0.010570164521625153,0.002536310522317465,0.9825730433725539,0.010570164521625153,0.002536310522317465,0.9825730433725539,0.37265543269582296
tamil_nadu,perambalur,25,0.018157777911750037,0.006917111306702715,0.9728485905838629,0.018157777911750037,0.006917111306702715,0.9728485905838629,0.372654815495564
uttar_pradesh,fatehpur,49,0.017280909872953627,0.0065512279628583995,0.9791380736972636,0.017280909872953627,0.0065512279628583995,0.9791380736972636,0.3725972151824096
telangana,warangal,15,0.02064121068037706,0.006459894421118907,0.9043343460656694,0.02064121068037706,0.006459894421118907,0.9043343460656694,0.37257872886942806
uttar_pradesh,jhansi,46,0.02206751403562062,0.009497349477056351,0.9816900763576,0.02206751403562062,0.009497349477056351,0.9816900763576,0.37212659282146765
maharashtra,raver,4,0.02356191534959103,0.01075065558397801,0.9950290176401347,0.02356191534959103,0.01075065558397801,0.9950290176401347,0.37178844202993777
bihar,madhubani,6,0.02621663557198851,0.012471534438388965,0.9982712979985198,0.02621663557198851,0.012471534438388965,0.9982712979985198,0.3717667515848646
tamil_nadu,kallakurichi,14,0.013215934607396554,0.004459474846135247,0.997567029531191,0.013215934607396554,0.004459474846135247,0.997567029531191,0.37172484624645946
uttar_pradesh,allahabad,52,0.013822950671786112,0.004002268056472743,0.9687753535849875,0.013822950671786112,0.004002268056472743,0.9687753535849875,0.3717145498111646
maharashtra,maval,33,0.007175947269977727,0.00046326195510695964,0.9877289556588024,0.007175947269977727,0.00046326195510695964,0.9877289556588024,0.3717041064045372
gujarat,rajkot,10,0.028035127217954658,0.013313442200333004,0.9898563941702305,0.028035127217954658,0.013313442200333004,0.9898563941702305,0.37153717242567547
bihar,hajipur (sc),21,0.016962524458396327,0.006459894421118907,0.9892758157379111,0.016962524458396327,0.006459894421118907,0.9892758157379111,0.3712903991047353
uttar_pradesh,fatehpur sikri,19,0.029819537557565248,0.014389212533737969,0.9912197686086991,0.029819537557565248,0.014389212533737969,0.9912197686086991,0.371122138438872
west_bengal,jadavpur,22,0.01469381752809848,0.004730267798677235,0.9788925246252541,0.01469381752809848,0.004730267798677235,0.9788925246252541,0.37103089604635714
gujarat,amreli,14,0.017035069022263285,0.006294054717002782,0.983876871788212,0.017035069022263285,0.006294054717002782,0.983876871788212,0.3709069258025393
madhya_pradesh,mandsour,23,0.019598540435589014,0.008116764099392427,0.9955117856112835,0.019598540435589014,0.008116764099392427,0.9955117856112835,0.37030227032589863
uttar_pradesh,kushi nagar,65,0.021460081327082096,0.0091846417050695,0.9969365314616738,0.021460081327082096,0.0091846417050695,0.9969365314616738,0.3694897411241082
tamil_nadu,tiruvannamalai,11,0.010130392643067941,0.002144975111989568,0.9946096334280441,0.010130392643067941,0.002144975111989568,0.9946096334280441,0.3693966733848219
madhya_pradesh,shahdol,12,0.023287623369986687,0.010304526680217491,0.9974808400086942,0.023287623369986687,0.010304526680217491,0.9974808400086942,0.3693617810929201
kerala,malappuram,6,0.027971469853682485,0.011715892882692765,0.9469235606752583,0.027971469853682485,0.011715892882692765,0.9469235606752583,0.369286950351695
madhya_pradesh,sidhi,11,0.008267327428322506,0.0010577633861674719,0.9973304868190421,0.008267327428322506,0.0010577633861674719,0.9973304868190421,0.3692495342556458
madhya_pradesh,khajuraho,8,0.021743746977481073,0.009253529589804415,0.9980596010545965,0.021743746977481073,0.009253529589804415,0.9980596010545965,0.36853026148370677
jharkhand,jamshedpur,9,0.010992576861885199,0.0025318915157087566,0.9953181578539566,0.010992576861885199,0.0025318915157087566,0.9953181578539566,0.36826017415760903
tamil_nadu,dindigul,22,0.02112353075050601,0.008828895706875735,0.9980721249086426,0.02112353075050601,0.008828895706875735,0.9980721249086426,0.3682234698154063
jharkhand,dhanbad,7,0.018472089100059617,0.006896301187340713,0.9880947037431971,0.018472089100059617,0.006896301187340713,0.9880947037431971,0.36810647950705616
madhya_pradesh,ujjain,22,0.02916499062348806,0.013261999356636897,0.9815412318945753,0.02916499062348806,0.013261999356636897,0.9815412318945753,0.3680096425391817
karnataka,udupi chikmagalur,15,0.023332012156610918,0.009887984701271378,0.9907290532963178,0.023332012156610918,0.009887984701271378,0.9907290532963178,0.36762300240823764
maharashtra,solapur,42,0.010442768964818362,0.0011273757488653195,0.9615885218456309,0.010442768964818362,0.0011273757488653195,0.9615885218456309,0.3675905192216741
tamil_nadu,arakkonam,7,0.013899606472556099,0.0037688734287370756,0.9801901057989234,0.013899606472556099,0.0037688734287370756,0.9801901057989234,0.36747048087719947
haryana,faridabad,10,0.017150618755641757,0.006202227048834033,0.9977598761813408,0.017150618755641757,0.006202227048834033,0.9977598761813408,0.36698791172545825
gujarat,kheda,17,0.041812190252989385,0.020839594664865273,0.9805655858281035,0.041812190252989385,0.020839594664865273,0.9805655858281035,0.3668739312610694
uttar_pradesh,deoria,66,0.020640465750021146,0.0078868916213649,0.984013464648145,0.020640465750021146,0.0078868916213649,0.984013464648145,0.36654611893950323
jammu_&_kashmir,udhampur,5,0.022981813348721084,0.009612914570766629,0.9946285149200839,0.022981813348721084,0.009612914570766629,0.9946285149200839,0.36642306447337886
uttar_pradesh,shahjahanpur,27,0.015198922462133346,0.004630922850414727,0.9879826212976,0.015198922462133346,0.004630922850414727,0.9879826212976,0.3663531596987616
uttar_pradesh,pilibhit,26,0.01543525964858464,0.004260825580524144,0.9703481028176154,0.01543525964858464,0.004260825580524144,0.9703481028176154,0.3662990332723311
madhya_pradesh,dewas,21,0.03794038134404014,0.01793672180459503,0.9666048298687707,0.03794038134404014,0.01793672180459503,0.9666048298687707,0.36601806170150825
rajasthan,jaipur rural,6,0.03424929707685293,0.015309392963977906,0.9561467313019612,0.03424929707685293,0.015309392963977906,0.9561467313019612,0.36560633054295427
telangana,hyderabad,9,0.02010384238777932,0.006459894421118907,0.9522636820632113,0.02010384238777932,0.006459894421118907,0.9522636820632113,0.3652662637837763
gujarat,bhavnagar,15,0.02872648705400711,0.012931518662063235,0.9943518068147025,0.02872648705400711,0.012931518662063235,0.9943518068147025,0.3650143228526631
uttar_pradesh,ghaziabad,12,0.025270215272528183,0.010360099683061477,0.9792584102707479,0.025270215272528183,0.010360099683061477,0.9792584102707479,0.36491671209694826
jharkhand,palamau,13,0.019746486020784947,0.007481905647899203,0.9978507923718379,0.019746486020784947,0.007481905647899203,0.9978507923718379,0.3647754449691606
rajasthan,churu,3,0.019196871593302002,0.006808490121187888,0.9866296120499137,0.019196871593302002,0.006808490121187888,0.9866296120499137,0.364685702709203
maharashtra,wardha,8,0.011634953149705416,0.0019160152532214,0.979157002676277,0.011634953149705416,0.0019160152532214,0.979157002676277,0.3644595152727821
karnataka,uttara kannada,12,0.029625636517028993,0.013467403151766744,0.9966632597643338,0.029625636517028993,0.013467403151766744,0.9966632597643338,0.3644362655447348
odisha,aska,19,0.022640374109073845,0.007108832037020674,0.9255494354278238,0.022640374109073845,0.007108832037020674,0.9255494354278238,0.36428823152172196
uttar_pradesh,kaiserganj,57,0.020475283644243752,0.007502061697030159,0.9859872603372183,0.020475283644243752,0.007502061697030159,0.9859872603372183,0.36417545118098005
madhya_pradesh,tikamgarh,6,0.021139215265441935,0.008231916677112941,0.997616395445816,0.021139215265441935,0.008231916677112941,0.997616395445816,0.3640873337900226
rajasthan,ganganagar,1,0.028049618040506954,0.011582214303141072,0.9690480772405774,0.028049618040506954,0.011582214303141072,0.9690480772405774,0.36358344281653
bihar,sheohar,4,0.017864502269380925,0.006150554245051195,0.9979669027373858,0.017864502269380925,0.006150554245051195,0.9979669027373858,0.363530277361375
gujarat,navsari,25,0.0203000250353408,0.007646385984218563,0.9980729766613684,0.0203000250353408,0.007646385984218563,0.9980729766613684,0.3635075640519486
rajasthan,alwar,8,0.021546897205809584,0.007633367334179107,0.971582109263899,0.021546897205809584,0.007633367334179107,0.971582109263899,0.36339229168713794
rajasthan,jhunjhunu,4,0.018973198932805233,0.0064392197827094905,0.9853438200302892,0.018973198932805233,0.0064392197827094905,0.9853438200302892,0.36332760973398776
west_bengal,uluberia,26,0.014961707297760952,0.002037553436430554,0.9184350180449677,0.014961707297760952,0.002037553436430554,0.9184350180449677,0.3632438839459846
tamil_nadu,arani,12,0.012535777880366682,0.0014344482062210989,0.950086699249029,0.012535777880366682,0.0014344482062210989,0.950086699249029,0.36307759305402554
bihar,begusarai,24,0.03133761104742265,0.014172181804796161,0.9916907001441687,0.03133761104742265,0.014172181804796161,0.9916907001441687,0.36301659615212456
west_bengal,basirhat,18,0.01749293830103561,0.0051035374040303005,0.9727436483705475,0.01749293830103561,0.0051035374040303005,0.9727436483705475,0.3628829702938648
tamil_nadu,thoothukkudi,36,0.009232278420966675,0.0007261874099279129,0.9974779025461752,0.009232278420966675,0.0007261874099279129,0.9974779025461752,0.3627784149161026
rajasthan,kota,24,0.012798022544870644,0.0025456057087640113,0.9873930536736821,0.012798022544870644,0.0025456057087640113,0.9873930536736821,0.36221645772626165
rajasthan,bharatpur,9,0.03059790431250532,0.012941962986288956,0.9722728682770972,0.03059790431250532,0.012941962986288956,0.9722728682770972,0.36150413788673325
haryana,karnal,5,0.02964995444213435,0.012778521332029797,0.9871369809139593,0.02964995444213435,0.012778521332029797,0.9871369809139593,0.36144190734937026
andhra_pradesh,rajampet,24,0.021897484609663467,0.006459894421118907,0.9331605386585752,0.021897484609663467,0.006459894421118907,0.9331605386585752,0.3614193981897067
jharkhand,chatra,4,0.015136316635404302,0.004143385702873518,0.9977597503786637,0.015136316635404302,0.004143385702873518,0.9977597503786637,0.3612625495222269
maharashtra,ratnagiri - sindhudurg,46,0.015205970709645397,0.0039890814780942216,0.9967387635556268,0.015205970709645397,0.0039890814780942216,0.9967387635556268,0.3600937866386458
bihar,gopalganj (sc),17,0.0199653674196561,0.006459894421118907,0.9968917653826002,0.0199653674196561,0.006459894421118907,0.9968917653826002,0.3569083198544707
tamil_nadu,nagapattinam,29,0.013064555245664898,0.0021469768096778787,0.99523077049742,0.013064555245664898,0.0021469768096778787,0.99523077049742,0.3567254503122845
himachal_pradesh,kangra,1,0.03923580072280258,0.018052106310919615,0.996422333963639,0.03923580072280258,0.018052106310919615,0.996422333963639,0.3552964607322224
bihar,samastipur (sc),23,0.02060071462303029,0.006459894421118907,0.99565145960493,0.02060071462303029,0.006459894421118907,0.99565145960493,0.35443727751141374
uttar_pradesh,maharajganj,63,0.018491141559366212,0.004668961128629902,0.9806856449402374,0.018491141559366212,0.004668961128629902,0.9806856449402374,0.35398838451385056
rajasthan,jhalawar-baran,25,0.041421981397468444,0.018548251497844805,0.9737797266454564,0.041421981397468444,0.018548251497844805,0.9737797266454564,0.35393677316610894
tamil_nadu,nilgiris,19,0.01838561567826264,0.004884529571100783,0.9925162371706233,0.01838561567826264,0.004884529571100783,0.9925162371706233,0.35356965949324737
bihar,purvi champaran,3,0.012813038792395585,0.0013360241944601493,0.9969572426065817,0.012813038792395585,0.0013360241944601493,0.9969572426065817,0.3518042834346718
jharkhand,hazaribagh,14,0.026073613696118995,0.009265704061618646,0.9913156621224818,0.026073613696118995,0.009265704061618646,0.9913156621224818,0.35143234706334237
gujarat,panchmahal,18,0.05658533386415617,0.027951600675548124,0.9900602469570886,0.05658533386415617,0.027951600675548124,0.9900602469570886,0.3512927719630563
gujarat,bharuch,22,0.016124986541656845,0.0032911892484661946,0.9976177811137467,0.016124986541656845,0.0032911892484661946,0.9976177811137467,0.35111968693682677
daman_&_diu,daman & diu,1,0.02274219187795199,0.006459894421118907,0.9701634297666235,0.02274219187795199,0.006459894421118907,0.9701634297666235,0.35038196590785914
delhi,west delhi,6,0.01668053151966443,0.003471055524879322,0.9975913222651619,0.01668053151966443,0.003471055524879322,0.9975913222651619,0.35000031329001546
uttarakhand,tehri garhwal,1,0.021268447429168124,0.006231316885770691,0.9969811377882036,0.021268447429168124,0.006231316885770691,0.9969811377882036,0.34971917995538826
rajasthan,chittorgarh,21,0.035892955595339046,0.014882584510556383,0.9854630008827344,0.035892955595339046,0.014882584510556383,0.9854630008827344,0.34971592522517153
uttarakhand,nainital-udhamsingh nagar,4,0.03342709580742458,0.01251632753140963,0.9565951851487366,0.03342709580742458,0.01251632753140963,0.9565951851487366,0.34957097332514325
west_bengal,jaynagar,19,0.025978071600331155,0.006459894421118907,0.907547073896215,0.025978071600331155,0.006459894421118907,0.907547073896215,0.3490882814754989
uttar_pradesh,gorakhpur,64,0.023140134846486405,0.005911828157559661,0.9535624907143109,0.023140134846486405,0.005911828157559661,0.9535624907143109,0.3481884576124562
rajasthan,bikaner (sc),2,0.02401747561828168,0.006459894421118907,0.958230894515517,0.02401747561828168,0.006459894421118907,0.958230894515517,0.3473159385380929
bihar,patna sahib,30,0.015226662223522083,0.0020006518281824636,0.9918363554087825,0.015226662223522083,0.0020006518281824636,0.9918363554087825,0.3471309207955401
madhya_pradesh,jabalpur,13,0.015637437025338763,0.002414417566680902,0.9975239883010911,0.015637437025338763,0.002414417566680902,0.9975239883010911,0.3471153118133905
rajasthan,sikar,5,0.01704991166759163,0.0029376063586443943,0.9856663478978133,0.01704991166759163,0.0029376063586443943,0.9856663478978133,0.34709312066214004
uttar_pradesh,unnao,33,0.03238875768283819,0.012419963694230974,0.9877752631940306,0.03238875768283819,0.012419963694230974,0.9877752631940306,0.34709077449564024
assam,lakhimpur,14,0.02272183368905472,0.005917210131940916,0.9725287275124702,0.02272183368905472,0.005917210131940916,0.9725287275124702,0.34621271355254873
bihar,paschim champaran,2,0.029048113719548796,0.010348824800538801,0.9930448095047643,0.029048113719548796,0.010348824800538801,0.9930448095047643,0.34590062899573165
rajasthan,rajsamand,22,0.04044013833019981,0.01721521359284926,0.9951729693484413,0.04044013833019981,0.01721521359284926,0.9951729693484413,0.34455912063924415
madhya_pradesh,khandwa,28,0.01552662943567242,0.001252318837708647,0.9787237628786503,0.01552662943567242,0.001252318837708647,0.9787237628786503,0.34326152072421307
telangana,medak,6,0.025022005806527636,0.006459894421118907,0.9578871373683077,0.025022005806527636,0.006459894421118907,0.9578871373683077,0.34308467931909004
tamil_nadu,thanjavur,30,0.026543383557168863,0.008451337723474214,0.9980233407172182,0.026543383557168863,0.008451337723474214,0.9980233407172182,0.3424006548875515
himachal_pradesh,hamirpur,3,0.03323614760575161,0.012420781214826348,0.9963605430463744,0.03323614760575161,0.012420781214826348,0.9963605430463744,0.34174706863635623
west_bengal,ranaghat,13,0.019526540699345146,0.0023481909187637127,0.9423210393985203,0.019526540699345146,0.0023481909187637127,0.9423210393985203,0.3410769070632815
uttar_pradesh,mathura,17,0.018865041609078648,0.002139541646048836,0.953876453973943,0.018865041609078648,0.002139541646048836,0.953876453973943,0.3401369806442582
maharashtra,jalgaon,3,0.02531180901050304,0.007028082741895105,0.9889744200661695,0.02531180901050304,0.007028082741895105,0.9889744200661695,0.33956888809354374
assam,autonomous district,3,0.06463437207731476,0.031303536580681496,0.9943419976574647,0.06463437207731476,0.031303536580681496,0.9943419976574647,0.33933751626323744
rajasthan,ajmer,13,0.041140727262311855,0.015351850763150519,0.9470668258312401,0.041140727262311855,0.015351850763150519,0.9470668258312401,0.33822240130488823
himachal_pradesh,shimla,4,0.050945887407728284,0.022307559657038286,0.996659749592935,0.050945887407728284,0.022307559657038286,0.996659749592935,0.3347767777952552
bihar,jamui (sc),40,0.025340808566608888,0.006459894421118907,0.9929980672628163,0.025340808566608888,0.006459894421118907,0.9929980672628163,0.33467800180642854
uttarakhand,garhwal,2,0.039509724141850895,0.014368991687581342,0.9842535698964683,0.039509724141850895,0.014368991687581342,0.9842535698964683,0.330896518082165
gujarat,valsad,26,0.028176423691836178,0.0070576551734211155,0.9945102956367816,0.028176423691836178,0.0070576551734211155,0.9945102956367816,0.326401816001241
gujarat,gandhinagar,6,0.02421113648771587,0.0033922830235168164,0.9972321384339259,0.02421113648771587,0.0033922830235168164,0.9972321384339259,0.3172862820323859
assam,dibrugarh,13,0.03982421312596506,0.012877041368988132,0.9965578785502581,0.03982421312596506,0.012877041368988132,0.9965578785502581,0.31668494032170047
rajasthan,udaipur,19,0.03008790894646676,0.006753047586749121,0.9916080711107906,0.03008790894646676,0.006753047586749121,0.9916080711107906,0.3166783512123895
odisha,kandhamal,13,0.026658030849098846,0.0014720482635773996,0.8894377807933779,0.026658030849098846,0.0014720482635773996,0.8894377807933779,0.31504884340019534
gujarat,chhota udaipur,21,0.03418107448047734,0.008687133816704929,0.9933518252914695,0.03418107448047734,0.008687133816704929,0.9933518252914695,0.3122853561477376
uttarakhand,almora,3,0.046490462057693784,0.015201171586197923,0.9893290990816532,0.046490462057693784,0.015201171586197923,0.9893290990816532,0.30579486524421123
rajasthan,pali,15,0.03942983515768737,0.009989134798281875,0.9647598678371752,0.03942983515768737,0.009989134798281875,0.9647598678371752,0.3046246348084529
rajasthan,bhilwara,23,0.09346021722019647,0.037747771972651584,0.9865412996548345,0.09346021722019647,0.037747771972651584,0.9865412996548345,0.2624144505368216
